cHvKt,uYjFq,2015,sPeGm
xKwDm,rLtNj,2006,oZsVg
pXhLy,mCnJd,2008,bVgKf
gZxXe,zYjIr,2003,wRvPo
bIwTc,lZyNx,2001,pSrFm
zNfRp,gPwTk,2009,lMhUx
hMxRs,yKwVd,2004,mNzLt
vRdLi,yCqUh,1996,rKzFm
cWdYt,uAsFq,2013,rEjLx
wQjTn,tYvUx,2015,cWdGr
pQwDr,mGfYo,2016,wBhVs
qDfVw,ePcMx,2011,yGhRo
wFtOy,tNrVp,2014,jXhDq
nHtPd,uJbFm,2007,kQsTo
sGcPd,nWvCo,2017,mTzHi
pWdUt,ySxQn,2007,cGmXj
jLrXo,rDfJg,2005,tZyNa
xHcMn,fUwAe,2018,cKsVt
lMhZf,pFdIy,2003,bVnTr
tVbIe,oHgWn,2014,lKqCu
wXvYp,kFbTs,2002,bNdHw
yRzKs,gHwJb,2007,eTdLo
yPqRt,uXwGv,2008,wYfNh
rEsCj,vGpWk,2000,bHuYm
lUvBx,qZgRy,2011,vMcFk
qWsEr,tYhUo,1999,lPmOn
tYfVs,uRsLo,2006,pKqJn
dTvOq,hGsDn,2018,rWzKu
tJgLe,sVkZr,2002,jCwQp
rBcJa,mKvNf,2009,vMwTo
gXwNe,pYvFd,1998,iZxRa
lLwFu,oNrMe,2008,mZbQj
mCvHd,pJwTu,1998,sRzXo
kVrOw,sNjRq,2004,lUyGd
nUzXo,dHqBs,1999,lTcVw
zEhWr,fOjMv,2012,vQtDp
jOpDv,hSfZr,2004,oXwCm
vKlMo,xRcGn,2012,kPbTs
yGjSr,fZmEk,2020,cVbNl
fNwXu,dJbRq,2010,zVgTh
oTdYi,iHsXc,2011,vFuMe
tBhCq,jDvLo,2002,xIwRn
rFqAg,eWcFt,2003,sMxVy
yDrTe,gMzZf,2017,cHfOp
bRqMo,xSvTp,2001,kFjNe
jXqMl,hNsBr,2013,lVbTk
gEjLx,zWmPc,2007,sKvBt
pGjXq,yWmNr,2004,nZhFu
cDmQs,nWtIe,2018,hRzPl
xHuPo,wGtQk,2005,rDhVy
